{
  "num_ratings": {
    "count": 11200,
    "mean": 697.6544642857143,
    "std": 2028.5307747229097,
    "min": 1.0,
    "max": 39340.0
  },
  "mean_rating": {
    "count": 11200,
    "mean": 4.3090216917327515,
    "std": 1.9822740125635727,
    "min": 0.0,
    "max": 10.0
  },
  "popularity": {
    "count": 11200,
    "mean": 21.173611977236583,
    "std": 16.80756880715513,
    "min": 0.0,
    "max": 82.43545705774453
  },
  "days_since_release": {
    "count": 12892,
    "mean": 8220.834315854794,
    "std": 5417.4536546162135,
    "min": -321.0,
    "max": 39764.0
  }
}