{
  "best_value": 0.06286918385303653,
  "best_params": {
    "w_mf": 0.7662911593892667,
    "w_knn": 0.05453944777474683,
    "w_pop": 0.00244817353676941
  },
  "weights_normalized": {
    "w_mf": 0.9307796791956574,
    "w_knn": 0.06624663364738044,
    "w_pop": 0.0029736871569621902
  }
}