{
  "best_value": 0.031188176712103607,
  "best_params": {
    "n_factors": 242,
    "lr": 0.0006458682503237636,
    "reg": 0.0003397578027300404,
    "n_epochs": 4
  }
}