{
  "model": "hybrid_weighted",
  "k": 10,
  "users_evaluated": 1000,
  "ndcg@k_mean": 0.041197797811398956,
  "map@k_mean": 0.027851190476190474,
  "item_coverage@k": 0.005804089650861684,
  "gini_index@k": 0.7257538461538462,
  "weights": {
    "mf": 0.000437975545451231,
    "knn": 0.0388485226152033,
    "pop": 0.4
  }
}