{
  "model": "hybrid_weighted",
  "k": 10,
  "users_evaluated": 500,
  "ndcg@k_mean": 0.044410514997721376,
  "map@k_mean": 0.02977301587301587,
  "item_coverage@k": 0.005536208590052683,
  "gini_index@k": 0.7021354838709677,
  "weights": {
    "mf": 0.4385994459859567,
    "knn": 0.3806773601727728,
    "pop": 0.84974811785247
  }
}