{
  "model": "hybrid_weighted",
  "k": 10,
  "users_evaluated": 1000,
  "ndcg@k_mean": 0.04134801727508609,
  "map@k_mean": 0.027804761904761905,
  "item_coverage@k": 0.005625502276989017,
  "gini_index@k": 0.7166349206349206,
  "weights": {
    "mf": 0.308631150008574,
    "knn": 0.0223757437092651,
    "pop": 0.6
  }
}