{
  "model": "hybrid_weighted",
  "k": 10,
  "users_evaluated": 1000,
  "ndcg@k_mean": 0.04972515313600822,
  "map@k_mean": 0.038440079365079365,
  "item_coverage@k": 0.06572015358514154,
  "gini_index@k": 0.7908092391304347,
  "weights": {
    "mf": 0.930779679195657,
    "knn": 0.0662466336473804,
    "pop": 0.00297368715696219
  }
}