{
  "model": "hybrid_weighted",
  "k": 10,
  "users_evaluated": 1000,
  "ndcg@k_mean": 0.04972515313600822,
  "map@k_mean": 0.038440079365079365,
  "item_coverage@k": 0.06572015358514154,
  "gini_index@k": 0.7908092391304347,
  "weights": {
    "mf": 0.9307796791956574,
    "knn": 0.06624663364738044,
    "pop": 0.0029736871569621902
  }
}