{
  "model": "item_knn_sklearn",
  "k": 10,
  "users_evaluated": 500,
  "ndcg@k_mean": 0.0033790810408827108,
  "map@k_mean": 0.002619047619047619,
  "item_coverage@k": 0.08536476471113492,
  "gini_index@k": 0.664078213315716
}