{
  "model": "hybrid_weighted",
  "k": 10,
  "users_evaluated": 50,
  "weights": {
    "mf": 0.9307796791956574,
    "knn": 0.06624663364738044,
    "pop": 0.0029736871569621902
  },
  "ndcg@k_mean": 0.059485477627179185,
  "map@k_mean": 0.04666666666666667,
  "item_coverage@k": 0.012590409858023038,
  "gini_index@k": 0.5122836879432624,
  "timestamp_utc": "20251231043743",
  "seed": 42
}