{
  "model": "hybrid_weighted",
  "k": 10,
  "users_evaluated": 300,
  "weights": {
    "mf": 0.9307796791956574,
    "knn": 0.06624663364738044,
    "pop": 0.0029736871569621902
  },
  "ndcg@k_mean": 0.04283518790588553,
  "map@k_mean": 0.03266137566137566,
  "item_coverage@k": 0.03884275381730511,
  "gini_index@k": 0.7117256704980842,
  "timestamp_utc": "20260201232525",
  "seed": 42
}