{
  "model": "hybrid_weighted",
  "k": 10,
  "users_evaluated": 300,
  "weights": {
    "mf": 0.9307796791956574,
    "knn": 0.06624663364738044,
    "pop": 0.0029736871569621902
  },
  "ndcg@k_mean": 0.03607481629788215,
  "map@k_mean": 0.025993386243386245,
  "item_coverage@k": 0.03884275381730511,
  "gini_index@k": 0.7116551724137931,
  "timestamp_utc": "20251230211156",
  "seed": 42
}