{
  "model": "hybrid_weighted",
  "k": 20,
  "users_evaluated": 300,
  "weights": {
    "mf": 0.9307796791956574,
    "knn": 0.06624663364738044,
    "pop": 0.0029736871569621902
  },
  "ndcg@k_mean": 0.049627052346606956,
  "map@k_mean": 0.034551300551300554,
  "item_coverage@k": 0.0640235735333512,
  "gini_index@k": 0.7171989772198978,
  "timestamp_utc": "20260207175215",
  "seed": 42
}