{
  "model": "popularity",
  "k": 10,
  "users_evaluated": 500,
  "ndcg@k_mean": 0.04384926329039148,
  "map@k_mean": 0.029592857142857143,
  "item_coverage@k": 0.005625502276989017,
  "gini_index@k": 0.7076190476190476
}